{
    "areas": [
        {
            "name": "関東",
            "prefectures": [
                {
                    "name": "東京都",
                    "cities": [
                        {
                            "code": "130010",
                            "name": "東京"
                        },
                        {
                            "code": "130020",
                            "name": "大島"
                        },
                        {
                            "code": "130030",
                            "name": "八丈島"
                        },
                        {
                            "code": "130040",
                            "name": "父島"
                        }
                    ]
                },
                {
                    "name": "神奈川県",
                    "cities": [
                        {
                            "code": "140010",
                            "name": "横浜"
                        },
                        {
                            "code": "140020",
                            "name": "小田原"
                        }
                    ]
                }
            ]
        },
        {
            "name": "東海",
            "prefectures": [
                {
                    "name": "静岡県",
                    "cities": [
                        {
                            "code": "220010",
                            "name": "静岡"
                        },
                        {
                            "code": "220020",
                            "name": "網代"
                        },
                        {
                            "code": "220030",
                            "name": "三島"
                        },
                        {
                            "code": "220040",
                            "name": "浜松"
                        }
                    ]
                },
                {
                    "name": "愛知県",
                    "cities": [
                        {
                            "code": "230010",
                            "name": "名古屋"
                        },
                        {
                            "code": "230020",
                            "name": "豊橋"
                        }
                    ]
                }
            ]
        }
    ]
}